Rk,Player,Debut,Age,Yrs,G,MP,FG,FGA,3P,3PA,FT,FTA,ORB,TRB,AST,STL,BLK,TOV,PF,PTS,FG%,3P%,FT%,MP,PTS,TRB,AST
1,Alex Acker\ackeral01,Feb 21 '06 DET vs. ATL,23,1,5,35,4,16,1,5,0,0,1,5,4,1,0,4,4,9,.250,.200,,7.0,1.8,1.0,0.8
2,Alan Anderson\anderal01,Nov 12 '05 CHA @ MIA,23,1,36,564,75,181,24,58,33,41,23,70,32,11,4,32,48,207,.414,.414,.805,15.7,5.8,1.9,0.9
3,Martynas Andriuškevičius\andrima01,Jan 5 '06 CLE vs. HOU,19,1,6,9,0,1,0,0,0,0,1,4,0,2,0,0,1,0,.000,,,1.5,0.0,0.7,0.0
4,Earl Barron\barroea01,Nov 2 '05 MIA @ MEM,24,1,8,45,5,16,0,0,3,4,2,10,0,0,0,5,10,13,.313,,.750,5.6,1.6,1.3,0.0
5,Eddie Basden\basdeed01,Nov 7 '05 CHI vs. SAS,22,1,19,141,15,37,1,7,8,10,7,28,8,9,2,9,17,39,.405,.143,.800,7.4,2.1,1.5,0.4
6,Brandon Bass\bassbr01,Nov 1 '05 NOK vs. SAC,20,1,29,268,28,70,0,0,12,19,18,68,3,3,7,11,18,68,.400,,.632,9.2,2.3,2.3,0.1
7,Esteban Batista\batises01,Nov 2 '05 ATL @ GSW,22,1,57,495,34,80,0,1,33,53,61,144,7,15,11,38,111,101,.425,.000,.623,8.7,1.8,2.5,0.1
8,Andray Blatche\blatcan01,Nov 11 '05 WAS vs. SEA,19,1,29,175,26,67,3,13,10,12,12,38,10,5,7,12,36,65,.388,.231,.833,6.0,2.2,1.3,0.3
9,Andrew Bogut\bogutan01,Nov 1 '05 MIL @ PHI,21,1,82,2348,323,606,0,3,122,194,189,573,192,49,68,125,259,768,.533,.000,.629,28.6,9.4,7.0,2.3
10,Kevin Burleson\burleke01,Nov 11 '05 CHA vs. DAL,26,1,39,340,22,88,10,54,16,17,4,26,48,26,2,25,63,70,.250,.185,.941,8.7,1.8,0.7,1.2
11,Andrew Bynum\bynuman01,Nov 2 '05 LAL @ DEN,18,1,46,338,33,82,0,0,8,27,34,80,9,4,22,17,56,74,.402,,.296,7.3,1.6,1.7,0.2
12,Will Bynum\bynumwi01,Mar 19 '06 GSW vs. PHI,23,1,15,162,21,52,2,9,10,16,3,12,19,7,0,14,10,54,.404,.222,.625,10.8,3.6,0.8,1.3
13,José Calderón\caldejo01,Nov 2 '05 TOR vs. WAS,24,1,64,1487,132,312,7,43,78,92,30,141,288,42,4,101,93,349,.423,.163,.848,23.2,5.5,2.2,4.5
14,Travis Diener\dienetr01,Dec 2 '05 ORL @ MEM,23,1,23,246,29,69,25,57,5,6,4,21,16,7,0,10,22,88,.420,.439,.833,10.7,3.8,0.9,0.7
15,Ike Diogu\dioguik01,Nov 23 '05 GSW vs. SAS,22,1,69,1031,175,334,0,0,136,168,95,229,29,15,30,78,164,486,.524,,.810,14.9,7.0,3.3,0.4
16,Monta Ellis\ellismo01,Nov 12 '05 GSW @ PHO,20,1,49,886,132,318,28,82,42,59,22,105,78,32,11,58,69,334,.415,.341,.712,18.1,6.8,2.1,1.6
17,Daniel Ewing\ewingda01,Nov 2 '05 LAC @ SEA,22,1,66,971,97,255,22,78,36,46,23,85,84,37,6,57,86,252,.380,.282,.783,14.7,3.8,1.3,1.3
18,Noel Felix\felixno01,Mar 5 '06 SEA vs. UTA,24,1,12,82,6,25,1,3,5,8,3,13,2,2,3,8,13,18,.240,.333,.625,6.8,1.5,1.1,0.2
19,Raymond Felton\feltora01,Nov 2 '05 CHA @ CHI,21,1,80,2406,345,883,97,271,161,222,77,265,446,102,8,182,181,948,.391,.358,.725,30.1,11.9,3.3,5.6
20,Gerald Fitch\fitchge01,Nov 23 '05 MIA vs. POR,23,1,18,239,30,89,7,26,17,23,7,30,33,7,5,15,28,84,.337,.269,.739,13.3,4.7,1.7,1.8
21,Sharrod Ford\fordsh02,Nov 30 '05 PHO vs. IND,24,1,3,13,2,3,0,0,0,0,1,3,0,0,1,2,7,4,.667,,,4.3,1.3,1.0,0.0
22,Channing Frye\fryech01,Nov 4 '05 NYK vs. WAS,22,1,65,1572,305,640,3,9,189,229,138,374,53,30,47,97,200,802,.477,.333,.825,24.2,12.3,5.8,0.8
23,Deng Gai\gaide01,Nov 2 '05 PHI @ DET,23,1,2,5,0,0,0,0,0,0,0,0,0,0,0,0,0,0,,,,2.5,0.0,0.0,0.0
24,Francisco García\garcifr01,Nov 1 '05 SAC @ NOK,24,1,67,1301,130,325,39,137,78,101,39,185,94,41,47,75,135,377,.400,.285,.772,19.4,5.6,2.8,1.4
25,Ryan Gomes\gomesry01,Nov 2 '05 BOS vs. NYK,23,1,61,1376,173,355,3,9,112,149,102,298,58,35,5,55,83,461,.487,.333,.752,22.6,7.6,4.9,1.0
26,Joey Graham\grahajo01,Nov 2 '05 TOR vs. WAS,23,1,80,1581,198,414,29,87,108,133,57,244,60,37,13,92,228,533,.478,.333,.812,19.8,6.7,3.1,0.8
27,Stephen Graham\grahast01,Dec 11 '05 HOU @ POR,23,1,22,175,21,54,2,10,14,15,5,27,7,5,2,13,31,58,.389,.200,.933,8.0,2.6,1.2,0.3
28,Danny Granger\grangda01,Nov 2 '05 IND @ ORL,22,1,78,1765,221,478,30,93,115,148,131,384,90,58,62,80,211,587,.462,.323,.777,22.6,7.5,4.9,1.2
29,Devin Green\greende01,Nov 3 '05 LAL vs. PHO,23,1,27,135,6,28,0,2,13,21,10,24,7,3,0,5,13,25,.214,.000,.619,5.0,0.9,0.9,0.3
30,Gerald Green\greenge01,Feb 3 '06 BOS vs. LAC,20,1,32,374,66,138,6,20,29,37,10,41,18,13,4,22,41,167,.478,.300,.784,11.7,5.2,1.3,0.6
31,Orien Greene\greenor01,Nov 2 '05 BOS vs. NYK,23,1,80,1235,100,253,9,40,45,68,37,145,129,77,10,109,181,254,.395,.225,.662,15.4,3.2,1.8,1.6
32,Anthony Grundy\grundan01,Mar 29 '06 ATL vs. IND,26,1,12,108,19,38,5,15,9,14,1,17,9,7,0,9,14,52,.500,.333,.643,9.0,4.3,1.4,0.8
33,Chuck Hayes\hayesch01,Jan 18 '06 HOU vs. DAL,22,1,40,535,59,105,0,1,29,45,67,179,14,26,14,12,76,147,.562,.000,.644,13.4,3.7,4.5,0.4
34,Luther Head\headlu01,Nov 5 '05 HOU vs. NOK,23,1,80,2310,254,630,113,313,86,123,33,266,215,89,9,119,169,707,.403,.361,.699,28.9,8.8,3.3,2.7
35,Julius Hodge\hodgeju01,Nov 13 '05 DEN vs. MIN,22,1,14,33,5,13,0,0,3,8,5,7,6,2,0,8,7,13,.385,,.375,2.4,0.9,0.5,0.4
36,Randy Holcomb\holcora01,Jan 6 '06 CHI @ MIL,26,1,4,11,1,1,0,0,0,0,1,1,0,0,0,0,2,2,1.000,,,2.8,0.5,0.3,0.0
37,Jarrett Jack\jackja01,Nov 2 '05 POR @ MIN,22,1,79,1599,189,428,20,76,128,160,18,160,219,41,2,102,138,526,.442,.263,.800,20.2,6.7,2.0,2.8
38,Šarūnas Jasikevičius\jasiksa01,Nov 2 '05 IND @ ORL,29,1,75,1557,170,429,86,236,121,133,19,153,227,40,4,116,108,547,.396,.364,.910,20.8,7.3,2.0,3.0
39,Amir Johnson\johnsam01,Jan 24 '06 DET @ MIN,18,1,3,39,7,10,2,3,4,4,3,4,3,0,2,4,7,20,.700,.667,1.000,13.0,6.7,1.3,1.0
40,Dwayne Jones\jonesdw02,Feb 10 '06 BOS vs. POR,22,1,14,87,4,10,0,0,6,13,10,31,2,1,3,3,14,14,.400,,.462,6.2,1.0,2.2,0.1
41,Linas Kleiza\kleizli01,Nov 4 '05 DEN vs. POR,21,1,61,519,77,173,2,13,57,81,38,116,15,10,13,16,87,213,.445,.154,.704,8.5,3.5,1.9,0.2
42,Yaroslav Korolev\korolya01,Nov 4 '05 LAC vs. ATL,18,1,24,127,9,30,2,7,7,10,5,13,9,3,0,6,11,27,.300,.286,.700,5.3,1.1,0.5,0.4
43,David Lee\leeda02,Nov 6 '05 NYK vs. GSW,22,1,67,1129,137,230,0,0,71,123,109,303,43,30,20,51,124,345,.596,,.577,16.9,5.1,4.5,0.6
44,John Lucas III\lucasjo02,Dec 31 '05 HOU vs. GSW,23,1,13,107,14,36,2,9,0,0,2,5,12,5,0,7,6,30,.389,.222,,8.2,2.3,0.4,0.9
45,Arvydas Macijauskas\macijar01,Nov 1 '05 NOK vs. SAC,26,1,19,135,14,41,3,12,13,15,3,10,5,7,0,8,10,44,.341,.250,.867,7.1,2.3,0.5,0.3
46,Rawle Marshall\marshra01,Nov 19 '05 DAL vs. DET,23,1,23,241,24,60,1,3,22,29,8,31,10,8,7,15,17,71,.400,.333,.759,10.5,3.1,1.3,0.4
47,Jason Maxiell\maxieja01,Nov 2 '05 DET vs. PHI,22,1,26,159,23,54,0,0,14,42,12,28,3,4,5,11,14,60,.426,,.333,6.1,2.3,1.1,0.1
48,Sean May\mayse01,Nov 2 '05 CHA @ CHI,21,1,23,398,70,171,0,5,49,64,42,109,22,17,12,33,58,189,.409,.000,.766,17.3,8.2,4.7,1.0
49,Rashad McCants\mccanra01,Nov 2 '05 MIN vs. POR,21,1,79,1362,241,535,67,180,78,106,29,143,63,44,22,86,176,627,.450,.372,.736,17.2,7.9,1.8,0.8
50,Aaron Miles\milesaa01,Nov 2 '05 GSW vs. ATL,22,1,19,118,6,18,0,0,4,4,0,14,24,4,1,11,13,16,.333,,1.000,6.2,0.8,0.7,1.3
51,C.J. Miles\milescj01,Nov 14 '05 UTA vs. NYK,18,1,23,203,28,76,5,20,18,24,18,38,16,7,2,9,20,79,.368,.250,.750,8.8,3.4,1.7,0.7
52,Sergei Monia\moniase01,Nov 5 '05 POR vs. ATL,22,1,26,343,29,87,9,34,10,14,11,52,19,7,5,12,41,77,.333,.265,.714,13.2,3.0,2.0,0.7
53,Boniface N'Dong\ndongbo01,Nov 4 '05 LAC vs. ATL,28,1,23,152,22,53,0,1,6,9,15,37,7,2,5,6,23,50,.415,.000,.667,6.6,2.2,1.6,0.3
54,Fabricio Oberto\obertfa01,Nov 1 '05 SAS vs. DEN,30,1,59,490,44,93,0,2,15,27,57,123,27,9,11,28,91,103,.473,.000,.556,8.3,1.7,2.1,0.5
55,Andre Owens\owensan01,Nov 7 '05 UTA @ CHA,25,1,23,210,27,74,3,16,12,18,11,21,8,5,0,13,25,69,.365,.188,.667,9.1,3.0,0.9,0.3
56,Chris Paul\paulch01,Nov 1 '05 NOK vs. SAC,20,1,78,2808,407,947,50,177,394,465,61,400,611,175,6,183,218,1258,.430,.282,.847,36.0,16.1,5.1,7.8
57,Johan Petro\petrojo01,Nov 2 '05 SEA vs. LAC,20,1,68,1282,153,300,0,0,47,75,109,296,15,25,51,60,213,353,.510,,.627,18.9,5.2,4.4,0.2
58,Josh Powell\poweljo01,Nov 15 '05 DAL vs. DEN,23,1,37,429,37,81,0,0,36,45,28,81,9,7,4,22,52,110,.457,,.800,11.6,3.0,2.2,0.2
59,Ronnie Price\pricero01,Nov 1 '05 SAC @ NOK,22,1,29,150,21,58,6,27,12,12,5,15,11,6,0,10,10,60,.362,.222,1.000,5.2,2.1,0.5,0.4
60,Shavlik Randolph\randosh01,Nov 15 '05 PHI vs. TOR,22,1,57,487,44,97,0,0,43,71,55,133,19,19,12,21,83,131,.454,,.606,8.5,2.3,2.3,0.3
61,Anthony Roberson\roberan02,Nov 26 '05 MEM @ DAL,22,1,16,88,14,31,5,10,2,2,0,6,5,1,0,3,6,35,.452,.500,1.000,5.5,2.2,0.4,0.3
62,Lawrence Roberts\roberla01,Nov 2 '05 MEM vs. MIA,23,1,33,181,20,44,0,2,11,23,26,49,5,8,2,5,30,51,.455,.000,.478,5.5,1.5,1.5,0.2
63,Nate Robinson\robinna01,Nov 2 '05 NYK @ BOS,21,1,72,1544,230,565,58,146,152,202,56,167,147,59,1,114,201,670,.407,.397,.752,21.4,9.3,2.3,2.0
64,Melvin Sanders\sandeme01,Nov 9 '05 SAS @ CHA,25,1,16,113,16,33,2,3,7,10,4,23,3,5,0,8,20,41,.485,.667,.700,7.1,2.6,1.4,0.2
65,Alex Scales\scaleal01,Nov 19 '05 SAS vs. PHO,27,1,1,0,0,0,0,0,0,0,0,0,0,0,0,0,0,0,,,,0.0,0.0,0.0,0.0
66,Luke Schenscher\schenlu01,Mar 5 '06 CHI @ CLE,23,1,20,149,16,26,0,0,4,13,8,29,7,1,3,5,21,36,.615,,.308,7.5,1.8,1.5,0.4
67,Wayne Simien\simiewa01,Nov 2 '05 MIA @ MEM,22,1,43,414,58,120,0,0,30,34,38,88,7,13,1,24,70,146,.483,,.882,9.6,3.4,2.0,0.2
68,James Singleton\singlja01,Nov 2 '05 LAC @ SEA,24,1,59,753,77,151,10,20,39,50,63,197,29,19,21,28,95,203,.510,.500,.780,12.8,3.4,3.3,0.5
69,Salim Stoudamire\stoudsa01,Nov 2 '05 ATL @ GSW,23,1,61,1236,204,492,82,216,99,110,12,116,75,27,3,82,118,589,.415,.380,.900,20.3,9.7,1.9,1.2
70,Chris Taft\taftch01,Nov 2 '05 GSW vs. ATL,20,1,17,144,23,38,0,0,1,6,19,36,2,2,7,2,25,47,.605,,.167,8.5,2.8,2.1,0.1
71,Donell Taylor\taylodo01,Nov 9 '05 WAS vs. LAC,23,1,51,465,53,136,4,17,30,43,16,53,45,30,4,34,47,140,.390,.235,.698,9.1,2.7,1.0,0.9
72,Dijon Thompson\thompdi01,Nov 30 '05 PHO vs. IND,22,1,10,43,11,25,4,11,2,2,4,11,1,3,1,2,6,28,.440,.364,1.000,4.3,2.8,1.1,0.1
73,Ronny Turiaf\turiaro01,Feb 8 '06 LAL @ HOU,23,1,23,161,15,30,0,0,15,27,11,37,8,3,10,7,30,45,.500,,.556,7.0,2.0,1.6,0.3
74,Charlie Villanueva\villach01,Nov 2 '05 TOR vs. WAS,21,1,81,2361,435,940,70,214,113,160,181,521,88,60,63,99,247,1053,.463,.327,.706,29.1,13.0,6.4,1.1
75,Von Wafer\wafervo01,Nov 24 '05 LAL vs. SEA,20,1,16,73,6,38,2,17,6,8,5,8,4,3,0,1,12,20,.158,.118,.750,4.6,1.3,0.5,0.3
76,Matt Walsh\walshma01,Nov 2 '05 MIA @ MEM,23,1,2,3,1,1,0,0,0,2,0,0,0,0,0,1,0,2,1.000,,.000,1.5,1.0,0.0,0.0
77,Hakim Warrick\warriha01,Nov 2 '05 MEM vs. MIA,23,1,68,724,101,228,0,0,76,115,43,144,30,14,21,56,113,278,.443,,.661,10.6,4.1,2.1,0.4
78,Martell Webster\webstma02,Nov 4 '05 POR @ DEN,19,1,61,1070,139,348,65,182,61,71,29,130,34,21,14,43,90,404,.399,.357,.859,17.5,6.6,2.1,0.6
79,Robert Whaley\whalero01,Nov 14 '05 UTA vs. NYK,23,1,23,212,23,57,0,0,3,6,16,43,17,7,8,14,41,49,.404,,.500,9.2,2.1,1.9,0.7
80,Deron Williams\willide01,Nov 2 '05 UTA vs. DAL,21,1,80,2307,339,805,91,219,95,135,35,194,359,60,17,145,233,864,.421,.416,.704,28.8,10.8,2.4,4.5
81,Lou Williams\willilo02,Nov 2 '05 PHI @ DET,19,1,30,145,23,52,2,9,8,13,3,19,10,5,0,13,13,56,.442,.222,.615,4.8,1.9,0.6,0.3
82,Marvin Williams\willima02,Nov 2 '05 ATL @ GSW,19,1,79,1952,235,531,13,53,189,253,122,383,63,48,24,83,227,672,.443,.245,.747,24.7,8.5,4.8,0.8
83,Antoine Wright\wrighan01,Nov 23 '05 NJN @ SAC,21,1,39,370,29,81,1,15,11,22,8,30,12,4,3,21,42,70,.358,.067,.500,9.5,1.8,0.8,0.3
84,Bracey Wright\wrighbr02,Jan 24 '06 MIN vs. DET,21,1,7,135,21,51,6,17,14,16,3,18,5,1,0,8,8,62,.412,.353,.875,19.3,8.9,2.6,0.7
85,Derrick Zimmerman\zimmede01,Apr 18 '06 NJN @ PHI,24,1,2,32,2,3,0,0,0,0,1,4,7,0,0,4,4,4,.667,,,16.0,2.0,2.0,3.5